人数,"氏
名","組合費
種別","共済
区分",組 合 費,,5,6,7,8,9,10,11,12,1,2,,"備
考",付 き
,9 26,,,,,,,,,,,,,,,,,
1,山崎 山崎,老齢,A,,,,,,,,,,,,,,,
,090-,,,,,,,,,,,,,,,,,
,0 105 5,,,,,,,,,,,,,,,,,
2,山崎 山崎,一般,A,,,,,,,,,,,,,,,
,,,,,,,,,,,,,,,,,,
,9,,,,,,,,,,,,,,,,,
,山崎 山崎,一般,A,,,,,,,,,,,,,,,
,075-,,,,,,,,,,,,,,,,,
,9,,,,,,,,,,,,,,,,,
,山崎 山崎,一般,A,,,,,,,,,,,,,,,
,,,,,,,,,,,,,,,,,,
,96,,,,,,,,,,,,,,,,,
5,山崎 山崎,一般,A,,,,,,,,,,,,,,,
,090-,,,,,,,,,,,,,,,,,
,9,,,,,,,,,,,,,,,,,
6,山崎 山崎,一般,A,,,,,,,,,,,,,,,
,090-,,,,,,,,,,,,,,,,,
,8,,,,,,,,,,,,,,,,,
7,山崎 山崎,老齢,A,,,,,,,,,,,,,,,
,075-,,,,,,,,,,,,,,,,,
